incident_number,season,alarm_type,time_of_day2,build_type,true_alarm,false_alarm,true_percentage,false_percentage
602600-16062012,Winter,6900,Cooking-time,restaurant,0,24,0,100
602622-16062012,Winter,6200,Night-time,rest_home,0,15,0,100
602675-17062012,Winter,6100,Night-time,rest_home,0,92,0,100
602690-17062012,Winter,1120,Night-time,industry_facility,0,1,0,100
602708-17062012,Winter,1100,Night-time,office,0,37,0,100
602829-17062012,Winter,6200,Cooking-time,office,0,29,0,100
602900-17062012,Winter,6200,Office Hours,industry_facility,0,8,0,100
603219-18062012,Winter,6110,Cooking-time,rest_home,0,10,0,100
603279-18062012,Winter,6990,Office Hours,industry_facility,0,57,0,100
603405-18062012,Winter,1100,Office Hours,hospital,0,2,0,100
603434-18062012,Winter,6200,Office Hours,public_facility,0,29,0,100
603444-18062012,Winter,1100,Office Hours,industry_facility,0,5,0,100
603510-18062012,Winter,1100,Cooking-time,hospital,0,8,0,100
603595-19062012,Winter,6200,Night-time,school,0,19,0,100
603859-19062012,Winter,1100,Cooking-time,house,0,4,0,100
603860-19062012,Winter,6100,Cooking-time,house,0,36,0,100
603865-19062012,Winter,1100,Office Hours,house,0,4,0,100
603955-19062012,Winter,6200,Cooking-time,hospital,0,27,0,100
604352-20062012,Winter,6200,Office Hours,shopping_mall,0,37,0,100
604354-20062012,Winter,6110,Office Hours,hospital,0,12,0,100
604423-20062012,Winter,6100,Office Hours,house,0,15,0,100
604681-21062012,Winter,1100,Night-time,industry_facility,0,9,0,100
604692-21062012,Winter,1100,Night-time,hospital,0,3,0,100
604850-21062012,Winter,0,Cooking-time,others,0,18,0,100
605105-22062012,Winter,6110,Night-time,rest_home,0,5,0,100
605258-22062012,Winter,1370,Office Hours,others,0,1,0,100
605328-22062012,Winter,6110,Cooking-time,hotel,0,30,0,100
605600-22062012,Winter,0,Cooking-time,rest_home,0,3,0,100
605638-22062012,Winter,6110,Night-time,public_facility,0,25,0,100
606087-23062012,Winter,0,Office Hours,others,0,7,0,100
606292-23062012,Winter,6100,Night-time,industry_facility,0,28,0,100
606465-24062012,Winter,6200,Night-time,industry_facility,0,12,0,100
606580-24062012,Winter,1100,Office Hours,restaurant,0,2,0,100
606611-24062012,Winter,6200,Cooking-time,industry_facility,0,13,0,100
606929-25062012,Winter,7100,Cooking-time,others,0,1,0,100
607005-25062012,Winter,1100,Office Hours,office,0,16,0,100
607460-26062012,Winter,6200,Cooking-time,tansport,0,10,0,100
607524-26062012,Winter,1100,Cooking-time,industry_facility,0,10,0,100
607669-26062012,Winter,0,Office Hours,office,0,1,0,100
607671-26062012,Winter,0,Office Hours,rest_home,0,2,0,100
607674-26062012,Winter,0,Cooking-time,tansport,0,1,0,100
607692-26062012,Winter,0,Cooking-time,hotel,0,2,0,100
607697-26062012,Winter,0,Cooking-time,apartment,0,4,0,100
607725-26062012,Winter,0,Cooking-time,office,0,4,0,100
607729-26062012,Winter,0,Cooking-time,hospital,0,3,0,100
607746-26062012,Winter,0,Cooking-time,school,0,5,0,100
607806-26062012,Winter,0,Office Hours,public_facility,0,2,0,100
607820-26062012,Winter,0,Office Hours,house,0,1,0,100
607849-26062012,Winter,0,Office Hours,shopping_mall,0,1,0,100
607867-26062012,Winter,0,Cooking-time,house,0,2,0,100
607903-26062012,Winter,0,Cooking-time,industry_facility,0,1,0,100
607922-26062012,Winter,0,Cooking-time,public_facility,0,3,0,100
608004-26062012,Winter,0,Night-time,others,0,5,0,100
608021-27062012,Winter,0,Night-time,public_facility,0,3,0,100
608055-27062012,Winter,0,Night-time,apartment,0,4,0,100
608065-27062012,Winter,0,Night-time,shopping_mall,0,1,0,100
608068-27062012,Winter,0,Night-time,house,0,2,0,100
608439-27062012,Winter,6290,Cooking-time,school,0,4,0,100
608580-28062012,Winter,1100,Night-time,hotel,0,10,0,100
608653-28062012,Winter,1100,Cooking-time,public_facility,0,34,0,100
608772-28062012,Winter,6900,Office Hours,tansport,0,55,0,100
609368-29062012,Winter,7110,Cooking-time,others,0,7,0,100
609712-30062012,Winter,1900,Night-time,apartment,0,4,0,100
609767-30062012,Winter,6110,Night-time,hospital,0,8,0,100
610320-01072012,Winter,6990,Night-time,tansport,0,16,0,100
610414-01072012,Winter,1100,Night-time,school,0,28,0,100
610434-01072012,Winter,1900,Cooking-time,apartment,0,2,0,100
610836-01072012,Winter,0,Night-time,industry_facility,0,1,0,100
610861-02072012,Winter,7110,Night-time,others,0,2,0,100
611267-02072012,Winter,6990,Cooking-time,tansport,0,26,0,100
611320-02072012,Winter,6120,Cooking-time,industry_facility,0,6,0,100
611321-02072012,Winter,1170,Cooking-time,industry_facility,0,1,0,100
611408-03072012,Winter,6120,Night-time,industry_facility,0,3,0,100
611409-03072012,Winter,1170,Night-time,industry_facility,0,3,0,100
611424-03072012,Winter,6110,Night-time,office,0,14,0,100
611511-03072012,Winter,6110,Office Hours,rest_home,0,6,0,100
612314-04072012,Winter,6200,Office Hours,office,0,21,0,100
612591-05072012,Winter,6990,Night-time,house,0,15,0,100
613156-06072012,Winter,1120,Night-time,others,0,17,0,100
613435-06072012,Winter,6200,Office Hours,tansport,0,7,0,100
613591-07072012,Winter,6110,Night-time,shopping_mall,0,9,0,100
613761-07072012,Winter,7110,Office Hours,others,0,3,0,100
614644-08072012,Winter,1900,Cooking-time,shopping_mall,0,2,0,100
614860-09072012,Winter,6200,Office Hours,hospital,0,10,0,100
614907-09072012,Winter,6900,Office Hours,restaurant,0,9,0,100
615681-10072012,Winter,6120,Cooking-time,office,0,1,0,100
615997-11072012,Winter,6110,Cooking-time,industry_facility,0,15,0,100
616653-12072012,Winter,6110,Cooking-time,shopping_mall,0,9,0,100
616870-13072012,Winter,1900,Office Hours,public_facility,0,1,0,100
618411-16072012,Winter,6200,Night-time,office,0,11,0,100
618547-16072012,Winter,6110,Office Hours,hotel,0,14,0,100
620110-19072012,Winter,1100,Office Hours,hotel,0,11,0,100
620889-20072012,Winter,1100,Cooking-time,restaurant,0,2,0,100
621628-22072012,Winter,1200,Night-time,apartment,0,1,0,100
621642-22072012,Winter,1200,Cooking-time,apartment,0,2,0,100
622375-23072012,Winter,1100,Office Hours,tansport,0,9,0,100
622533-24072012,Winter,1900,Night-time,others,0,4,0,100
622537-24072012,Winter,1100,Night-time,house,0,5,0,100
622650-24072012,Winter,6110,Office Hours,shopping_mall,0,7,0,100
623214-25072012,Winter,1370,Cooking-time,others,0,1,0,100
624312-27072012,Winter,6200,Office Hours,house,0,6,0,100
624540-28072012,Winter,6100,Night-time,house,0,17,0,100
625668-30072012,Winter,0,Night-time,hospital,0,2,0,100
626267-31072012,Winter,1120,Night-time,hotel,0,2,0,100
626364-31072012,Winter,6110,Office Hours,industry_facility,0,4,0,100
627055-01082012,Winter,1200,Office Hours,office,0,1,0,100
627197-01082012,Winter,1200,Cooking-time,office,0,4,0,100
627308-02082012,Winter,1200,Night-time,others,0,2,0,100
627383-02082012,Winter,6100,Cooking-time,restaurant,0,9,0,100
634407-11082012,Winter,6100,Office Hours,restaurant,0,3,0,100
634746-11082012,Winter,6990,Night-time,restaurant,0,5,0,100
637517-16082012,Winter,1190,Cooking-time,office,0,1,0,100
638166-17082012,Winter,1900,Cooking-time,others,0,13,0,100
639817-19082012,Winter,1100,Night-time,restaurant,0,3,0,100
642032-22082012,Winter,0,Office Hours,apartment,0,3,0,100
649184-01092012,Spring,1900,Night-time,others,0,8,0,100
649287-01092012,Spring,1900,Night-time,industry_facility,0,1,0,100
649311-01092012,Spring,6100,Night-time,tansport,0,48,0,100
649314-01092012,Spring,1100,Cooking-time,restaurant,0,6,0,100
649472-01092012,Spring,1100,Office Hours,hotel,0,8,0,100
649491-01092012,Spring,6990,Office Hours,public_facility,0,187,0,100
649564-01092012,Spring,6100,Cooking-time,tansport,0,58,0,100
649819-01092012,Spring,1100,Office Hours,apartment,0,47,0,100
649822-01092012,Spring,6110,Office Hours,rest_home,0,5,0,100
649839-01092012,Spring,6900,Office Hours,public_facility,0,143,0,100
650022-01092012,Spring,6990,Cooking-time,restaurant,0,9,0,100
650023-01092012,Spring,6110,Cooking-time,hotel,0,28,0,100
650413-02092012,Spring,6200,Office Hours,public_facility,0,20,0,100
650651-02092012,Spring,6990,Office Hours,tansport,0,12,0,100
650652-02092012,Spring,1100,Office Hours,tansport,0,8,0,100
650655-02092012,Spring,6100,Office Hours,industry_facility,0,27,0,100
650814-02092012,Spring,1120,Cooking-time,hotel,0,3,0,100
650905-03092012,Spring,6990,Night-time,industry_facility,0,45,0,100
650988-03092012,Spring,6200,Cooking-time,school,0,36,0,100
651062-03092012,Spring,6110,Office Hours,hospital,0,14,0,100
651326-03092012,Spring,6110,Office Hours,industry_facility,0,13,0,100
651390-03092012,Spring,6200,Office Hours,apartment,0,94,0,100
651711-03092012,Spring,6290,Night-time,school,0,2,0,100
651955-04092012,Spring,6200,Night-time,office,0,18,0,100
651966-04092012,Spring,6200,Night-time,public_facility,0,17,0,100
652400-04092012,Spring,6110,Office Hours,hotel,0,20,0,100
652817-05092012,Spring,6110,Night-time,public_facility,0,13,0,100
653483-05092012,Spring,1100,Office Hours,public_facility,0,26,0,100
653506-05092012,Spring,6200,Office Hours,shopping_mall,0,44,0,100
653703-05092012,Spring,1900,Cooking-time,others,0,26,0,100
653912-05092012,Spring,1100,Night-time,public_facility,0,17,0,100
653994-06092012,Spring,1100,Night-time,apartment,0,47,0,100
654834-06092012,Spring,6100,Office Hours,house,0,17,0,100
654856-06092012,Spring,6100,Cooking-time,house,0,22,0,100
655154-07092012,Spring,0,Night-time,hotel,0,4,0,100
655437-07092012,Spring,6110,Cooking-time,shopping_mall,0,9,0,100
655863-07092012,Spring,0,Cooking-time,public_facility,0,4,0,100
657539-09092012,Spring,6110,Office Hours,shopping_mall,0,9,0,100
657626-09092012,Spring,6990,Office Hours,house,0,17,0,100
657941-09092012,Spring,0,Cooking-time,hospital,0,8,0,100
658555-10092012,Spring,0,Cooking-time,house,0,4,0,100
658570-10092012,Spring,1100,Cooking-time,hospital,0,14,0,100
658686-10092012,Spring,0,Office Hours,others,0,8,0,100
658779-10092012,Spring,0,Cooking-time,shopping_mall,0,1,0,100
658786-10092012,Spring,0,Cooking-time,school,0,5,0,100
659319-11092012,Spring,6100,Cooking-time,restaurant,0,7,0,100
659893-11092012,Spring,6110,Night-time,house,0,3,0,100
661261-14092012,Spring,1100,Night-time,hotel,0,17,0,100
661293-14092012,Spring,6100,Night-time,industry_facility,0,15,0,100
661444-14092012,Spring,1100,Cooking-time,tansport,0,20,0,100
661524-14092012,Spring,0,Cooking-time,rest_home,0,3,0,100
662094-15092012,Spring,6200,Office Hours,hotel,0,33,0,100
662157-15092012,Spring,6200,Office Hours,hospital,0,24,0,100
662590-15092012,Spring,6200,Cooking-time,tansport,0,3,0,100
662853-16092012,Spring,6110,Office Hours,public_facility,0,21,0,100
662889-16092012,Spring,0,Office Hours,hospital,0,2,0,100
663398-16092012,Spring,0,Night-time,others,0,10,0,100
663405-16092012,Spring,1100,Night-time,industry_facility,0,18,0,100
664192-18092012,Spring,1120,Office Hours,hotel,0,3,0,100
664420-18092012,Spring,1120,Office Hours,others,0,9,0,100
664657-19092012,Spring,1120,Night-time,hotel,0,2,0,100
665149-19092012,Spring,6200,Office Hours,office,0,13,0,100
665942-20092012,Spring,6110,Cooking-time,hospital,0,13,0,100
665956-20092012,Spring,1100,Cooking-time,hotel,0,25,0,100
666275-21092012,Spring,6200,Cooking-time,house,0,4,0,100
668175-23092012,Spring,0,Night-time,public_facility,0,2,0,100
668995-24092012,Spring,1100,Cooking-time,house,0,8,0,100
669832-26092012,Spring,1900,Night-time,apartment,0,10,0,100
672889-29092012,Spring,1900,Office Hours,others,0,11,0,100
673129-29092012,Spring,1100,Night-time,tansport,0,11,0,100
673322-30092012,Spring,6200,Night-time,industry_facility,0,5,0,100
673343-30092012,Spring,6200,Night-time,school,0,19,0,100
674655-01102012,Spring,6120,Cooking-time,others,0,2,0,100
674792-01102012,Spring,6990,Night-time,house,0,14,0,100
675966-03102012,Spring,6200,Office Hours,house,0,10,0,100
676819-04102012,Spring,1100,Office Hours,industry_facility,0,9,0,100
677158-04102012,Spring,6110,Night-time,office,0,13,0,100
680220-08102012,Spring,6200,Office Hours,rest_home,0,29,0,100
681760-10102012,Spring,1100,Office Hours,house,0,3,0,100
683592-13102012,Spring,7110,Cooking-time,others,0,4,0,100
683838-14102012,Spring,6110,Office Hours,house,0,2,0,100
684934-16102012,Spring,6110,Night-time,shopping_mall,0,7,0,100
685488-16102012,Spring,6900,Cooking-time,restaurant,0,18,0,100
685522-16102012,Spring,1170,Cooking-time,others,0,1,0,100
685686-17102012,Spring,6110,Night-time,hospital,0,6,0,100
685785-17102012,Spring,1120,Cooking-time,hospital,0,2,0,100
686381-17102012,Spring,7110,Night-time,others,0,3,0,100
687235-19102012,Spring,6100,Office Hours,restaurant,0,6,0,100
687975-20102012,Spring,6110,Night-time,rest_home,0,8,0,100
689078-21102012,Spring,6120,Night-time,others,0,7,0,100
690003-22102012,Spring,1900,Office Hours,shopping_mall,0,1,0,100
690583-22102012,Spring,6100,Night-time,house,0,13,0,100
693272-26102012,Spring,6200,Cooking-time,industry_facility,0,11,0,100
693567-26102012,Spring,6110,Cooking-time,house,0,2,0,100
693846-27102012,Spring,1120,Cooking-time,shopping_mall,0,1,0,100
695967-29102012,Spring,6110,Night-time,industry_facility,0,5,0,100
697576-01112012,Spring,1200,Cooking-time,public_facility,0,1,0,100
698754-02112012,Spring,1100,Cooking-time,rest_home,0,15,0,100
698907-02112012,Spring,1900,Office Hours,public_facility,0,4,0,100
701518-06112012,Spring,1100,Night-time,hospital,0,3,0,100
701632-06112012,Spring,1900,Cooking-time,public_facility,0,5,0,100
702563-07112012,Spring,6290,Office Hours,school,0,1,0,100
703055-08112012,Spring,6120,Office Hours,industry_facility,0,4,0,100
703649-08112012,Spring,1100,Night-time,house,0,3,0,100
704497-10112012,Spring,1160,Cooking-time,office,0,1,0,100
707465-14112012,Spring,6110,Night-time,restaurant,0,1,0,100
708026-15112012,Spring,6600,Cooking-time,apartment,0,2,0,100
710009-19112012,Spring,1120,Night-time,industry_facility,0,3,0,100
711088-21112012,Spring,1100,Night-time,rest_home,0,4,0,100
713869-25112012,Spring,7110,Night-time,public_facility,0,5,0,100
714238-25112012,Spring,1170,Cooking-time,industry_facility,0,1,0,100
714349-25112012,Spring,1200,Office Hours,others,0,1,0,100
714900-26112012,Spring,6990,Night-time,restaurant,0,5,0,100
717563-29112012,Spring,0,Night-time,house,0,1,0,100
718465-01122012,Summer,6100,Night-time,shopping_mall,0,101,0,100
718474-01122012,Summer,6990,Night-time,house,0,12,0,100
718524-01122012,Summer,6200,Night-time,hotel,0,37,0,100
718590-01122012,Summer,6200,Night-time,industry_facility,0,3,0,100
718763-01122012,Summer,6900,Office Hours,rest_home,0,207,0,100
718864-01122012,Summer,6100,Cooking-time,industry_facility,0,31,0,100
719022-01122012,Summer,1100,Office Hours,industry_facility,0,5,0,100
719127-01122012,Summer,6200,Cooking-time,hospital,0,37,0,100
719620-02122012,Summer,6200,Office Hours,shopping_mall,0,34,0,100
719744-02122012,Summer,1100,Cooking-time,public_facility,0,43,0,100
719876-03122012,Summer,1120,Night-time,office,0,1,0,100
719887-03122012,Summer,1160,Night-time,office,0,2,0,100
719927-03122012,Summer,1100,Night-time,apartment,0,30,0,100
720009-03122012,Summer,6990,Cooking-time,industry_facility,0,137,0,100
720025-03122012,Summer,6200,Office Hours,school,0,19,0,100
720210-03122012,Summer,1100,Office Hours,public_facility,0,23,0,100
720384-03122012,Summer,6200,Cooking-time,office,0,36,0,100
720491-04122012,Summer,6200,Night-time,rest_home,0,23,0,100
720533-04122012,Summer,6110,Night-time,apartment,0,32,0,100
720644-04122012,Summer,6200,Office Hours,apartment,0,55,0,100
721328-04122012,Summer,6200,Night-time,house,0,7,0,100
721428-05122012,Summer,1170,Night-time,industry_facility,0,2,0,100
721427-05122012,Summer,6120,Night-time,industry_facility,0,2,0,100
721476-05122012,Summer,1100,Cooking-time,hotel,0,32,0,100
721595-05122012,Summer,6200,Office Hours,hotel,0,34,0,100
722193-05122012,Summer,1100,Office Hours,apartment,0,45,0,100
722222-05122012,Summer,6110,Office Hours,hospital,0,13,0,100
722395-05122012,Summer,6100,Cooking-time,house,0,39,0,100
722735-06122012,Summer,6110,Cooking-time,office,0,39,0,100
723411-07122012,Summer,6200,Night-time,school,0,29,0,100
723431-07122012,Summer,1100,Night-time,school,0,43,0,100
723596-07122012,Summer,6200,Cooking-time,house,0,9,0,100
723610-07122012,Summer,7110,Office Hours,public_facility,0,9,0,100
723620-07122012,Summer,1120,Office Hours,industry_facility,0,3,0,100
723665-07122012,Summer,6100,Office Hours,tansport,0,40,0,100
724112-08122012,Summer,6110,Night-time,hospital,0,17,0,100
724585-08122012,Summer,6100,Office Hours,house,0,15,0,100
724698-08122012,Summer,6110,Cooking-time,restaurant,0,2,0,100
725081-09122012,Summer,6900,Cooking-time,restaurant,0,25,0,100
725669-09122012,Summer,6110,Night-time,hotel,0,13,0,100
725796-10122012,Summer,6200,Night-time,office,0,21,0,100
725863-10122012,Summer,1100,Office Hours,hotel,0,10,0,100
726281-11122012,Summer,1900,Night-time,apartment,0,11,0,100
726345-11122012,Summer,6990,Cooking-time,tansport,0,21,0,100
726361-11122012,Summer,6100,Cooking-time,restaurant,0,10,0,100
726616-11122012,Summer,1100,Office Hours,tansport,0,5,0,100
726994-12122012,Summer,1100,Cooking-time,industry_facility,0,9,0,100
727896-13122012,Summer,1100,Cooking-time,rest_home,0,18,0,100
728325-14122012,Summer,1100,Night-time,tansport,0,12,0,100
728429-14122012,Summer,6200,Cooking-time,tansport,0,10,0,100
728521-14122012,Summer,1120,Cooking-time,hospital,0,4,0,100
728643-14122012,Summer,6110,Office Hours,shopping_mall,0,5,0,100
728917-14122012,Summer,1100,Cooking-time,hospital,0,13,0,100
729065-15122012,Summer,6200,Night-time,public_facility,0,35,0,100
729367-15122012,Summer,6900,Office Hours,house,0,10,0,100
730686-17122012,Summer,6110,Office Hours,industry_facility,0,15,0,100
730988-17122012,Summer,1100,Cooking-time,office,0,46,0,100
732385-19122012,Summer,6990,Office Hours,restaurant,0,6,0,100
732686-19122012,Summer,6900,Night-time,tansport,0,71,0,100
732887-20122012,Summer,6110,Cooking-time,rest_home,0,6,0,100
733273-20122012,Summer,6200,Office Hours,hospital,0,14,0,100
734547-22122012,Summer,6990,Office Hours,tansport,0,11,0,100
735050-22122012,Summer,6120,Cooking-time,industry_facility,0,3,0,100
735051-22122012,Summer,1170,Cooking-time,industry_facility,0,1,0,100
735165-23122012,Summer,6110,Night-time,office,0,9,0,100
735408-23122012,Summer,1120,Office Hours,others,0,7,0,100
735528-23122012,Summer,0,Cooking-time,apartment,0,2,0,100
737924-25122012,Summer,6110,Night-time,industry_facility,0,8,0,100
738130-26122012,Summer,0,Cooking-time,house,0,1,0,100
738513-27122012,Summer,1900,Cooking-time,public_facility,0,4,0,100
738964-28122012,Summer,1900,Night-time,public_facility,0,1,0,100
741316-31122012,Summer,6110,Cooking-time,shopping_mall,0,7,0,100
001695-03012013,Summer,1120,Night-time,others,0,11,0,100
002491-04012013,Summer,1120,Night-time,hospital,0,2,0,100
003165-04012013,Summer,0,Night-time,others,0,5,0,100
003323-05012013,Summer,6990,Night-time,restaurant,0,12,0,100
004383-06012013,Summer,6990,Cooking-time,restaurant,0,9,0,100
004724-06012013,Summer,1100,Office Hours,rest_home,0,7,0,100
005232-07012013,Summer,1120,Office Hours,hospital,0,1,0,100
006273-08012013,Summer,1120,Office Hours,shopping_mall,0,2,0,100
007523-08012013,Summer,1170,Cooking-time,others,0,1,0,100
008296-09012013,Summer,1900,Office Hours,others,0,7,0,100
010298-11012013,Summer,6110,Cooking-time,house,0,4,0,100
011551-12012013,Summer,6200,Office Hours,industry_facility,0,5,0,100
014862-15012013,Summer,1200,Cooking-time,others,0,3,0,100
015038-16012013,Summer,6100,Night-time,house,0,19,0,100
015208-16012013,Summer,6120,Office Hours,others,0,6,0,100
015210-16012013,Summer,1170,Office Hours,industry_facility,0,1,0,100
015561-16012013,Summer,1120,Cooking-time,hotel,0,3,0,100
015614-16012013,Summer,6110,Night-time,rest_home,0,13,0,100
019932-20012013,Summer,1120,Office Hours,apartment,0,1,0,100
020161-20012013,Summer,1200,Cooking-time,public_facility,0,1,0,100
020162-20012013,Summer,1900,Cooking-time,apartment,0,3,0,100
021195-22012013,Summer,1900,Cooking-time,shopping_mall,0,1,0,100
021862-23012013,Summer,0,Night-time,rest_home,0,2,0,100
021875-23012013,Summer,1100,Night-time,industry_facility,0,8,0,100
022769-24012013,Summer,6900,Office Hours,restaurant,0,6,0,100
023776-25012013,Summer,0,Office Hours,house,0,1,0,100
024115-26012013,Summer,1900,Night-time,others,0,16,0,100
024499-26012013,Summer,6200,Cooking-time,industry_facility,0,5,0,100
027034-28012013,Summer,1100,Night-time,hospital,0,9,0,100
027672-29012013,Summer,6110,Office Hours,rest_home,0,4,0,100
028454-30012013,Summer,6120,Cooking-time,others,0,2,0,100
028645-31012013,Summer,0,Night-time,school,0,1,0,100
029129-31012013,Summer,0,Cooking-time,others,0,6,0,100
030268-02022013,Summer,0,Office Hours,apartment,0,1,0,100
030400-02022013,Summer,6100,Night-time,restaurant,0,6,0,100
032143-06022013,Summer,6110,Cooking-time,industry_facility,0,18,0,100
033485-08022013,Summer,1100,Office Hours,hospital,0,3,0,100
035964-12022013,Summer,6110,Office Hours,restaurant,0,1,0,100
036849-14022013,Summer,1120,Cooking-time,industry_facility,0,5,0,100
037798-16022013,Summer,1100,Cooking-time,house,0,4,0,100
038318-17022013,Summer,1100,Night-time,rest_home,0,2,0,100
042407-23022013,Summer,6200,Office Hours,house,0,4,0,100
043437-24022013,Summer,1100,Cooking-time,restaurant,0,3,0,100
044498-25022013,Summer,6290,Cooking-time,school,0,1,0,100
045604-27022013,Summer,0,Office Hours,others,0,5,0,100
046518-01032013,Autumn,6990,Night-time,school,0,132,0,100
046546-01032013,Autumn,6200,Night-time,rest_home,0,34,0,100
046594-01032013,Autumn,6110,Cooking-time,office,0,40,0,100
046619-01032013,Autumn,6100,Cooking-time,industry_facility,0,34,0,100
046708-01032013,Autumn,6110,Office Hours,school,0,111,0,100
046758-01032013,Autumn,6200,Cooking-time,public_facility,0,46,0,100
046882-01032013,Autumn,1120,Office Hours,industry_facility,0,1,0,100
047025-01032013,Autumn,6110,Night-time,rest_home,0,6,0,100
047119-02032013,Autumn,1100,Night-time,office,0,26,0,100
047386-02032013,Autumn,6200,Office Hours,public_facility,0,26,0,100
047468-02032013,Autumn,6990,Cooking-time,restaurant,0,15,0,100
047552-02032013,Autumn,6110,Cooking-time,rest_home,0,14,0,100
047561-02032013,Autumn,1120,Night-time,hotel,0,2,0,100
047625-03032013,Autumn,6200,Night-time,office,0,20,0,100
047665-03032013,Autumn,6110,Night-time,office,0,23,0,100
047768-03032013,Autumn,6200,Cooking-time,hospital,0,34,0,100
048069-03032013,Autumn,1100,Night-time,house,0,8,0,100
048082-03032013,Autumn,1100,Night-time,shopping_mall,0,57,0,100
048086-03032013,Autumn,6110,Night-time,school,0,108,0,100
048256-04032013,Autumn,6200,Cooking-time,industry_facility,0,11,0,100
048270-04032013,Autumn,6100,Office Hours,shopping_mall,0,86,0,100
048280-04032013,Autumn,6200,Office Hours,industry_facility,0,8,0,100
048422-04032013,Autumn,1100,Office Hours,apartment,0,36,0,100
048440-04032013,Autumn,1100,Office Hours,rest_home,0,14,0,100
048677-05032013,Autumn,6200,Night-time,industry_facility,0,12,0,100
049037-05032013,Autumn,1100,Cooking-time,hospital,0,17,0,100
049154-06032013,Autumn,1100,Night-time,hospital,0,13,0,100
049159-06032013,Autumn,6200,Night-time,hospital,0,13,0,100
049195-06032013,Autumn,1100,Night-time,apartment,0,46,0,100
049493-06032013,Autumn,6200,Office Hours,school,0,35,0,100
049620-06032013,Autumn,6900,Cooking-time,restaurant,0,19,0,100
049733-07032013,Autumn,1100,Night-time,tansport,0,8,0,100
049969-07032013,Autumn,1120,Office Hours,office,0,4,0,100
050480-08032013,Autumn,1120,Office Hours,others,0,9,0,100
050518-08032013,Autumn,6990,Office Hours,tansport,0,25,0,100
050696-08032013,Autumn,1100,Night-time,public_facility,0,18,0,100
050898-09032013,Autumn,1100,Cooking-time,rest_home,0,19,0,100
050947-09032013,Autumn,6110,Cooking-time,house,0,7,0,100
051038-09032013,Autumn,6110,Office Hours,industry_facility,0,10,0,100
051558-10032013,Autumn,6290,Night-time,school,0,2,0,100
051560-10032013,Autumn,6110,Night-time,industry_facility,0,11,0,100
051564-10032013,Autumn,1100,Night-time,school,0,53,0,100
052076-11032013,Autumn,6110,Night-time,hospital,0,9,0,100
052167-11032013,Autumn,7110,Office Hours,public_facility,0,11,0,100
052187-11032013,Autumn,1200,Office Hours,apartment,0,2,0,100
052683-12032013,Autumn,6290,Cooking-time,school,0,5,0,100
053752-14032013,Autumn,1100,Office Hours,house,0,1,0,100
053948-14032013,Autumn,1900,Office Hours,apartment,0,3,0,100
054150-15032013,Autumn,6110,Cooking-time,hospital,0,16,0,100
054260-15032013,Autumn,6110,Office Hours,hotel,0,14,0,100
054879-16032013,Autumn,1100,Office Hours,tansport,0,5,0,100
055294-16032013,Autumn,6100,Night-time,tansport,0,43,0,100
055423-17032013,Autumn,6110,Night-time,public_facility,0,19,0,100
055889-18032013,Autumn,6200,Night-time,school,0,23,0,100
055927-18032013,Autumn,6100,Night-time,restaurant,0,1,0,100
055942-18032013,Autumn,0,Night-time,others,0,4,0,100
056201-18032013,Autumn,6100,Office Hours,restaurant,0,10,0,100
056431-19032013,Autumn,1200,Night-time,public_facility,0,1,0,100
056564-19032013,Autumn,1100,Office Hours,public_facility,0,28,0,100
057099-20032013,Autumn,6200,Cooking-time,house,0,12,0,100
057711-21032013,Autumn,6200,Office Hours,office,0,16,0,100
057738-21032013,Autumn,6900,Office Hours,restaurant,0,21,0,100
057832-21032013,Autumn,6100,Cooking-time,house,0,53,0,100
058405-22032013,Autumn,6100,Office Hours,tansport,0,23,0,100
060278-25032013,Autumn,6200,Night-time,public_facility,0,28,0,100
061167-26032013,Autumn,6110,Office Hours,hospital,0,5,0,100
061389-26032013,Autumn,6120,Office Hours,industry_facility,0,3,0,100
061596-27032013,Autumn,1100,Night-time,rest_home,0,7,0,100
061985-27032013,Autumn,1120,Office Hours,hospital,0,2,0,100
062338-28032013,Autumn,6900,Night-time,restaurant,0,17,0,100
062356-28032013,Autumn,6990,Night-time,house,0,17,0,100
062778-28032013,Autumn,6100,Office Hours,industry_facility,0,22,0,100
063079-29032013,Autumn,6990,Night-time,tansport,0,18,0,100
063896-30032013,Autumn,6210,Cooking-time,office,0,6,0,100
064241-31032013,Autumn,1100,Night-time,hotel,0,10,0,100
064267-31032013,Autumn,6210,Night-time,office,0,4,0,100
064293-31032013,Autumn,6100,Night-time,house,0,21,0,100
064614-31032013,Autumn,1100,Cooking-time,tansport,0,8,0,100
065441-02042013,Autumn,6110,Office Hours,public_facility,0,30,0,100
066106-03042013,Autumn,6200,Office Hours,tansport,0,2,0,100
066514-04042013,Autumn,1120,Night-time,office,0,6,0,100
066656-04042013,Autumn,6990,Office Hours,restaurant,0,4,0,100
066941-04042013,Autumn,6200,Cooking-time,tansport,0,6,0,100
067683-06042013,Autumn,6200,Night-time,tansport,0,3,0,100
067689-06042013,Autumn,1900,Night-time,others,0,3,0,100
067782-06042013,Autumn,6100,Office Hours,house,0,23,0,100
068109-06042013,Autumn,6990,Night-time,restaurant,0,6,0,100
069377-09042013,Autumn,6200,Office Hours,restaurant,0,1,0,100
070295-11042013,Autumn,1100,Night-time,industry_facility,0,4,0,100
072210-14042013,Autumn,0,Night-time,school,0,1,0,100
074030-17042013,Autumn,0,Cooking-time,others,0,5,0,100
074076-17042013,Autumn,0,Cooking-time,house,0,1,0,100
074096-17042013,Autumn,0,Office Hours,hotel,0,1,0,100
074592-18042013,Autumn,1170,Night-time,others,0,2,0,100
075895-20042013,Autumn,6110,Night-time,hotel,0,19,0,100
078264-24042013,Autumn,1100,Office Hours,hospital,0,10,0,100
079365-26042013,Autumn,1120,Night-time,hospital,0,1,0,100
079702-26042013,Autumn,1900,Office Hours,others,0,2,0,100
080516-27042013,Autumn,6110,Cooking-time,industry_facility,0,14,0,100
081688-29042013,Autumn,6110,Office Hours,rest_home,0,13,0,100
082675-01052013,Autumn,6100,Cooking-time,restaurant,0,8,0,100
082702-01052013,Autumn,0,Cooking-time,public_facility,0,1,0,100
083043-01052013,Autumn,7110,Night-time,public_facility,0,4,0,100
083597-03052013,Autumn,0,Night-time,apartment,0,1,0,100
085498-05052013,Autumn,0,Night-time,public_facility,0,1,0,100
086141-07052013,Autumn,1100,Office Hours,hotel,0,11,0,100
086882-08052013,Autumn,1200,Office Hours,others,0,4,0,100
088350-10052013,Autumn,6990,Cooking-time,tansport,0,22,0,100
088722-11052013,Autumn,6210,Office Hours,office,0,4,0,100
091935-16052013,Autumn,1120,Cooking-time,industry_facility,0,5,0,100
096809-24052013,Autumn,0,Cooking-time,hospital,0,1,0,100
097259-25052013,Autumn,6110,Night-time,shopping_mall,0,4,0,100
098541-27052013,Autumn,0,Office Hours,apartment,0,2,0,100
102114-03062013,Winter,1200,Cooking-time,public_facility,0,4,0,100
102819-05062013,Winter,1100,Night-time,rest_home,0,4,0,100
103029-05062013,Winter,6110,Cooking-time,house,0,4,0,100
104010-07062013,Winter,1170,Cooking-time,others,0,1,0,100
105798-10062013,Winter,1100,Cooking-time,tansport,0,11,0,100
107254-13062013,Winter,1120,Night-time,office,0,2,0,100
108790-16062013,Winter,6290,Night-time,school,0,3,0,100
108877-16062013,Winter,6290,Office Hours,school,0,2,0,100
109160-17062013,Winter,7110,Night-time,public_facility,0,3,0,100
109183-17062013,Winter,6900,Night-time,restaurant,0,8,0,100
112763-23062013,Winter,7110,Office Hours,public_facility,0,8,0,100
113334-24062013,Winter,6120,Office Hours,office,0,1,0,100
113849-25062013,Winter,6210,Office Hours,office,0,1,0,100
114162-26062013,Winter,6200,Night-time,public_facility,0,18,0,100
119192-05072013,Winter,6120,Office Hours,industry_facility,0,1,0,100
120009-07072013,Winter,1120,Cooking-time,hospital,0,3,0,100
120523-08072013,Winter,6200,Night-time,tansport,0,2,0,100
120525-08072013,Winter,6200,Night-time,house,0,7,0,100
121869-10072013,Winter,8990,Cooking-time,others,0,1,0,100
124615-15072013,Winter,1900,Office Hours,apartment,0,1,0,100
127118-20072013,Winter,1900,Office Hours,others,0,3,0,100
127967-21072013,Winter,1900,Night-time,shopping_mall,0,1,0,100
129390-24072013,Winter,1120,Office Hours,office,0,2,0,100
130237-26072013,Winter,1120,Cooking-time,industry_facility,0,2,0,100
138761-10082013,Winter,1200,Office Hours,others,0,2,0,100
139205-10082013,Winter,1100,Night-time,tansport,0,11,0,100
142503-15082013,Winter,6990,Cooking-time,restaurant,0,10,0,100
156073-03092013,Spring,1170,Office Hours,others,0,1,0,100
158691-07092013,Spring,1100,Night-time,restaurant,0,5,0,100
162869-11092013,Spring,6210,Cooking-time,office,0,3,0,100
163603-12092013,Spring,1120,Cooking-time,apartment,0,1,0,100
165023-13092013,Spring,1120,Cooking-time,office,0,2,0,100
165212-14092013,Spring,6100,Night-time,restaurant,0,6,0,100
169021-20092013,Spring,1100,Office Hours,restaurant,0,1,0,100
169048-20092013,Spring,1120,Office Hours,industry_facility,0,2,0,100
171327-23092013,Spring,0,Office Hours,office,0,2,0,100
174879-27092013,Spring,1200,Cooking-time,shopping_mall,0,2,0,100
180029-02102013,Spring,6200,Night-time,house,0,2,0,100
182228-05102013,Spring,6200,Office Hours,restaurant,0,1,0,100
187864-11102013,Spring,6120,Cooking-time,industry_facility,0,4,0,100
191731-15102013,Spring,1120,Night-time,hospital,0,2,0,100
191902-15102013,Spring,1120,Office Hours,shopping_mall,0,2,0,100
200090-21102013,Spring,1200,Cooking-time,others,0,2,0,100
208469-29102013,Spring,6200,Office Hours,industry_facility,0,5,0,100
208853-30102013,Spring,1120,Office Hours,apartment,0,2,0,100
214279-05112013,Spring,0,Office Hours,hotel,0,1,0,100
220396-12112013,Spring,1120,Office Hours,public_facility,0,1,0,100
221442-14112013,Spring,1120,Cooking-time,industry_facility,0,1,0,100
221466-14112013,Spring,1120,Office Hours,office,0,3,0,100
222679-16112013,Spring,1200,Night-time,others,0,1,0,100
227416-24112013,Spring,0,Night-time,apartment,0,1,0,100
230719-30112013,Spring,7110,Office Hours,others,0,3,0,100
232472-03122013,Summer,6290,Office Hours,school,0,1,0,100
234686-06122013,Summer,1200,Cooking-time,hotel,0,5,0,100
234780-06122013,Summer,1200,Night-time,hotel,0,2,0,100
236166-09122013,Summer,6120,Night-time,others,0,1,0,100
236247-09122013,Summer,1120,Cooking-time,office,0,7,0,100
241556-17122013,Summer,6120,Cooking-time,office,0,1,0,100
243924-20122013,Summer,0,Office Hours,school,0,1,0,100
245269-22122013,Summer,6110,Night-time,shopping_mall,0,4,0,100
246616-24122013,Summer,1200,Night-time,others,0,3,0,100
249281-28122013,Summer,1900,Night-time,shopping_mall,0,1,0,100
000238-01012014,Summer,6200,Night-time,tansport,0,3,0,100
007277-12012014,Summer,0,Cooking-time,school,0,1,0,100
009964-16012014,Summer,6210,Office Hours,office,0,1,0,100
013590-20012014,Summer,1900,Office Hours,shopping_mall,0,1,0,100
015777-23012014,Summer,1120,Office Hours,office,0,5,0,100
016486-24012014,Summer,0,Night-time,apartment,0,4,0,100
022764-03022014,Summer,0,Night-time,hotel,0,2,0,100
025120-06022014,Summer,0,Cooking-time,industry_facility,0,1,0,100
028073-10022014,Summer,7110,Office Hours,others,0,1,0,100
031006-15022014,Summer,7110,Night-time,others,0,2,0,100
031535-15022014,Summer,0,Cooking-time,shopping_mall,0,1,0,100
033050-18022014,Summer,1900,Office Hours,apartment,0,1,0,100
034206-20022014,Summer,6110,Night-time,house,0,1,0,100
036693-24022014,Summer,1120,Cooking-time,apartment,0,2,0,100
037114-25022014,Summer,2270,Office Hours,others,0,1,0,100
037290-26022014,Summer,6210,Night-time,office,0,1,0,100
037864-27022014,Summer,0,Night-time,public_facility,0,1,0,100
038064-27022014,Summer,7110,Cooking-time,others,0,2,0,100
040684-04032014,Autumn,6110,Office Hours,shopping_mall,0,8,0,100
040715-04032014,Autumn,1120,Cooking-time,office,0,5,0,100
041396-05032014,Autumn,1100,Office Hours,industry_facility,0,4,0,100
041803-06032014,Autumn,0,Cooking-time,school,0,1,0,100
043487-09032014,Autumn,1120,Night-time,apartment,0,1,0,100
043624-09032014,Autumn,0,Office Hours,public_facility,0,1,0,100
048329-17032014,Autumn,1200,Night-time,others,0,5,0,100
048676-17032014,Autumn,0,Cooking-time,rest_home,0,2,0,100
049093-18032014,Autumn,6120,Office Hours,others,0,2,0,100
049238-18032014,Autumn,6120,Cooking-time,industry_facility,0,2,0,100
053013-25032014,Autumn,1900,Office Hours,public_facility,0,1,0,100
056109-30032014,Autumn,6120,Night-time,industry_facility,0,1,0,100
056136-31032014,Autumn,1900,Night-time,apartment,0,3,0,100
057040-01042014,Autumn,1100,Cooking-time,restaurant,0,4,0,100
059234-05042014,Autumn,1900,Cooking-time,apartment,0,4,0,100
060118-07042014,Autumn,1200,Cooking-time,others,0,3,0,100
062375-12042014,Autumn,1110,Night-time,others,0,1,0,100
062897-13042014,Autumn,1120,Night-time,shopping_mall,0,1,0,100
071650-29042014,Autumn,0,Cooking-time,shopping_mall,0,1,0,100
078215-12052014,Autumn,1900,Cooking-time,public_facility,0,1,0,100
085232-24052014,Autumn,6110,Cooking-time,shopping_mall,0,6,0,100
089083-30052014,Autumn,1120,Cooking-time,apartment,0,1,0,100
090425-02062014,Winter,1200,Office Hours,hotel,0,1,0,100
097958-18062014,Winter,1120,Office Hours,industry_facility,0,1,0,100
098362-19062014,Winter,6110,Office Hours,house,0,2,0,100
101594-25062014,Winter,1170,Office Hours,others,0,1,0,100
105216-01072014,Winter,2270,Cooking-time,others,0,2,0,100
110903-10072014,Winter,1120,Office Hours,hotel,0,1,0,100
115038-16072014,Winter,1200,Night-time,hotel,0,4,0,100
115841-18072014,Winter,1130,Cooking-time,shopping_mall,0,1,0,100
127208-04082014,Winter,0,Night-time,school,0,1,0,100
132075-12082014,Winter,6210,Night-time,office,0,1,0,100
144724-04092014,Spring,1200,Cooking-time,hotel,0,3,0,100
144797-05092014,Spring,1200,Night-time,hotel,0,1,0,100
146570-08092014,Spring,1900,Cooking-time,shopping_mall,0,1,0,100
147436-10092014,Spring,1200,Office Hours,hotel,0,1,0,100
151235-17092014,Spring,0,Cooking-time,office,0,2,0,100
154851-23092014,Spring,1900,Office Hours,apartment,0,1,0,100
155137-24092014,Spring,6210,Night-time,office,0,2,0,100
159914-01102014,Spring,0,Office Hours,rest_home,0,4,0,100
160665-02102014,Spring,0,Office Hours,apartment,0,3,0,100
162400-04102014,Spring,6210,Office Hours,office,0,1,0,100
165807-09102014,Spring,0,Cooking-time,hotel,0,4,0,100
168014-12102014,Spring,1170,Office Hours,industry_facility,0,1,0,100
170676-15102014,Spring,1110,Cooking-time,others,0,2,0,100
176281-25102014,Spring,2350,Office Hours,others,0,1,0,100
176293-25102014,Spring,1100,Office Hours,hospital,0,2,0,100
177540-26102014,Spring,0,Night-time,school,0,1,0,100
178439-27102014,Spring,0,Night-time,office,0,1,0,100
180477-31102014,Spring,0,Night-time,hospital,0,1,0,100
184204-03112014,Spring,0,Office Hours,shopping_mall,0,1,0,100
186698-07112014,Spring,1200,Cooking-time,office,0,1,0,100
187634-08112014,Spring,2350,Cooking-time,others,0,1,0,100
205666-03122014,Summer,1100,Night-time,restaurant,0,3,0,100
205828-03122014,Summer,1900,Cooking-time,school,0,1,0,100
213596-14122014,Summer,4310,Office Hours,others,0,1,0,100
223401-30122014,Summer,2270,Office Hours,office,0,1,0,100
224308-31122014,Summer,1100,Office Hours,restaurant,0,2,0,100
000798-02012015,Summer,7110,Night-time,public_facility,0,1,0,100
004434-08012015,Summer,1200,Cooking-time,office,0,1,0,100
004514-08012015,Summer,1200,Office Hours,others,0,1,0,100
009606-17012015,Summer,0,Cooking-time,tansport,0,1,0,100
013576-24012015,Summer,6120,Office Hours,industry_facility,0,1,0,100
015301-27012015,Summer,2270,Cooking-time,office,0,1,0,100
038272-10032015,Autumn,1100,Night-time,restaurant,0,1,0,100
038318-10032015,Autumn,6200,Night-time,house,0,1,0,100
038453-10032015,Autumn,1200,Office Hours,office,0,1,0,100
043180-18032015,Autumn,6110,Office Hours,house,0,1,0,100
046509-24032015,Autumn,2350,Night-time,others,0,1,0,100
051840-02042015,Autumn,1120,Cooking-time,hotel,0,2,0,100
052016-02042015,Autumn,1120,Cooking-time,hospital,0,1,0,100
058408-15042015,Autumn,1140,Cooking-time,apartment,0,2,0,100
058444-15042015,Autumn,0,Office Hours,tansport,0,1,0,100
058468-15042015,Autumn,6200,Office Hours,house,0,2,0,100
062373-21042015,Autumn,1120,Night-time,industry_facility,0,1,0,100
068161-22042015,Autumn,4110,Night-time,others,0,1,0,100
070286-25042015,Autumn,2270,Office Hours,office,0,1,0,100
070514-25042015,Autumn,7110,Office Hours,others,0,1,0,100
071655-27042015,Autumn,2270,Cooking-time,office,0,1,0,100
074820-02052015,Autumn,1120,Office Hours,hotel,0,1,0,100
084653-20052015,Autumn,1200,Cooking-time,office,0,1,0,100
090033-30052015,Autumn,0,Cooking-time,apartment,0,1,0,100
102413-24062015,Winter,2270,Cooking-time,office,0,2,0,100
102689-24062015,Winter,1120,Cooking-time,office,0,3,0,100
103021-25062015,Winter,6120,Office Hours,others,0,2,0,100
103128-25062015,Winter,6120,Cooking-time,others,0,3,0,100
113320-15072015,Winter,0,Office Hours,hospital,0,2,0,100
115527-19072015,Winter,1120,Cooking-time,shopping_mall,0,1,0,100
